,Brewery,Brewery Key
0,Alaskan Brewing Co.,34
1,Long Trail Brewing Co.,872
2,Uerige Obergärige Hausbrauerei,1402
3,Off Color Brewing,1019
4,Ninkasi Brewing Company,997
5,Widmer Brothers Brewing Company,1464
6,Southampton Publick House,1237
7,The Olde Mecklenburg Brewery,1336
8,Brauerei Pinkus Mueller,274
9,Yazoo Brewing Company,1481
10,Free State Brewing Co.,616
11,Lagunitas Brewing Company,824
12,Fordham Brewing Company,599
13,Victory Brewing Company - Downingtown,1428
14,Mother's Brewing Company,962
15,Rising Tide Brewing Company,1148
16,Tuckerman Brewing Co.,1391
17,Hops & Grain Brewing,744
18,August Schell Brewing Company,83
19,Union Craft Brewing Company,1409
20,Privatbrauerei Frankenheim,1099
21,Metropolitan Brewing,922
22,Brauerei Diebels GmbH & Co KG,258
23,Mission Brewery,940
24,Hövels Hausbrauerei,751
25,Evolution Craft Brewing Company,561
26,Freigeist Bierkultur,619
27,Cheboygan Brewing Company,428
28,Zipline Brewing Co,1491
29,Les Trois Mousquetaires,854
30,Jester King Brewery,780
31,Driftwood Brewery,525
32,Rahr & Sons Brewing Company,1123
33,Grimm Brothers Brewhouse,678
34,Beau's All Natural Brewing Company,128
35,Duckstein GmbH,529
36,Buzzards Bay Brewing,374
37,Cedar Creek Brewery,408
38,Rush River Brewing Company,1167
39,Brauerei Im Füchschen,269
40,O'Fallon Brewery,1009
41,Creemore Springs Brewery Limited,467
42,Blue Mountain Brewery,182
43,COAST Brewing Company,376
44,3 Nations Brewing Co.,9
45,Detroit Beer Co.,507
46,Trader Joe's Brewing Company,1377
47,Sierra Nevada Brewing Co.,1217
48,Bell's Brewery - Eccentric Café & General Store,135
49,Dogfish Head Craft Brewery,515
50,Central Waters Brewing Co.,411
51,Great Divide Brewing Company,659
52,3 Floyds Brewing Co.,8
53,AleSmith Brewing Company,38
54,Tröegs Brewing Company,1388
55,Rogue Ales,1159
56,Hair Of The Dog Brewing Company / Brewery And Tasting Room,697
57,Anchorage Brewing Company,56
58,Firestone Walker Brewing Co.,582
59,Uinta Brewing Company,1403
60,Brasserie Dieu du Ciel!,215
61,Green Flash Brewing Co.,666
62,21st Amendment Brewery,5
63,Boulder Beer / Wilderness Pub,195
64,Alpine Beer Company,48
65,Boston Beer Company (Samuel Adams),191
66,Real Ale Brewing Company,1130
67,East End Brewing Company,538
68,The Duck-Rabbit Craft Brewery,1321
69,Rock Art Brewery,1157
70,Smuttynose Brewing Company,1231
71,Evil Twin Brewing,560
72,Mad River Brewing Company,886
73,Nøgne Ø - Det Kompromissløse Bryggeri A/S,1007
74,DuClaw Brewing Company,528
75,Mikkeller ApS,931
76,Otter Creek Brewing,1038
77,Hangar 24 Brewing,702
78,Full Sail Brewing Company,625
79,Santa Fe Brewing Company,1184
80,Trillium Brewing Company,1383
81,Big Sky Brewing Company,151
82,Moylan's Brewery,968
83,"Middle Ages Brewing Co., Ltd.",927
84,Berkshire Brewing Company Inc.,140
85,Blue Point Brewing Company,183
86,Pipeworks Brewing Company,1077
87,Goose Island Beer Co.,649
88,Weyerbacher Brewing Co.,1456
89,Pelican Pub & Brewery,1060
90,Anchor Brewing Company,55
91,Deschutes Brewery,505
92,J.W. Lees & Co (Brewers) Ltd,771
93,Midnight Sun Brewing Co.,928
94,Flying Dog Brewery,591
95,Revolution Brewing,1139
96,Kuhnhenn Brewing Company,814
97,Hill Farmstead Brewery,727
98,Arcadia Brewing Company,68
99,The Schlafly Tap Room,1340
100,The Bruery,1317
101,Cigar City Brewing,433
102,Dry Dock Brewing Co.,526
103,Jackie O's Pub & Brewery,774
104,Against The Grain Brewery & Smokehouse,30
105,Fordham & Dominion Brewing Company,598
106,Olde Hickory Brewery,1025
107,Ridgeway Brewing,1143
108,Perennial Artisan Ales,1064
109,Lift Bridge Brewery,858
110,Shipyard Brewing Company,1209
111,Brouwerij De Molen,317
112,Steel Toe Brewing,1262
113,Flossmoor Station Restaurant & Brewery,589
114,Fuller Smith & Turner PLC,626
115,Harvey's Brewery,711
116,Stoudts Brewing Co.,1273
117,Crazy Mountain Brewery,465
118,Central City Brewers + Distillers,410
119,Wychwood Brewery Company Ltd,1475
120,Left Hand Brewing Company,848
121,Redhook Brewlab,1133
122,Southern Tier Brewing Company,1240
123,Heavy Seas Beer,714
124,Eagle Brewery,534
125,Robinsons Family Brewers,1155
126,Greene King / Morland Brewery,671
127,Yards Brewing Co.,1479
128,Black Sheep Brewery PLC,175
129,Foster's Group Limited,606
130,Anderson Valley Brewing Company,58
131,Green Man Brewery,667
132,SweetWater Brewing Company,1291
133,Ska Brewing Co.,1223
134,Short's Brewing Company,1213
135,Tree House Brewing Company,1381
136,Gritty McDuff's Brewing Company,679
137,Shepherd Neame Ltd,1208
138,French Broad River Brewing,621
139,Great Lakes Brewing Co.,661
140,Elysian Brewing Company,551
141,Woodstock Inn Brewery,1472
142,Bent Paddle Brewing Co.,138
143,Elevator Brewery & Draught Haus,549
144,Banks's Park Brewery,108
145,Propeller Brewery,1107
146,Magic Hat Brewing Company,889
147,Community Beer Company,448
148,George Bateman & Son / Batemans Brewery,642
149,Grand Teton Brewing Co.,652
150,"Adnams plc, Sole Bay Brewery",27
151,Southern Prohibition Brewing,1238
152,Coniston Brewing Co. Ltd,452
153,Heineken Nederland B.V.,715
154,City Steam Brewery Café,438
155,Sharp's Brewery,1205
156,Two Brothers Brewing Company,1395
157,Hop Back Brewery plc,741
158,Belhaven Brewery Company Ltd.,134
159,D.L. Geary Brewing Company,478
160,W.H. Brakspear & Sons plc,1435
161,Marshall Brewing Company,904
162,St. Peter's Brewery Co Ltd,1253
163,Carlsberg-Tetley Brewing Ltd,396
164,Wellington County Brewery,1449
165,Sly Fox Brewing Company,1227
166,Robert Cain & Company Limited,1154
167,Oasis Texas Brewing Company,1013
168,Cricket Hill Brewing Co.,470
169,Budweiser Brewing Group UK&I,364
170,Hog's Back Brewery,734
171,RCH Brewery,1117
172,Dark Star Brewing Company Limited,487
173,Samuel Smith Old Brewery (Tadcaster),1180
174,Castle Eden & Camerons Brewing Company Ltd,405
175,George Gale & Company Ltd,643
176,Timothy Taylor's Brewery,1366
177,Strangford Lough Brewing Company Ltd,1278
178,Hook Norton Brewery Co. Ltd.,739
179,Minneapolis Town Hall Brewery,938
180,Brouwerij Bosteels,308
181,Side Project Brewing,1215
182,Brouwerij De Landtsheer NV,315
183,Allagash Brewing Company,44
184,Cobra Beer Partnership Limited,442
185,Cervejaria Sudbrack Ltda,422
186,Devil's Canyon Brewing Company,508
187,Brasserie Licorne,228
188,Oxbow Brewing Company,1040
189,Brouwerij Kortrijk-Dutsel,328
190,Forbidden Root Restaurant & Brewery,597
191,Rügener Insel Brauerei GmbH,1171
192,Panil,1048
193,Calicraft Brewing Co.,384
194,Baxter Brewing Co.,118
195,Transient Artisan Ales,1378
196,Pivovarský dům,1085
197,Handbrauerei Gerhard Forstner,701
198,Back Forty Beer Co.,96
199,Brasserie Lion,229
200,Brouwerij De Vlier,320
201,Old Bisbee Brewing Company,1022
202,Cervejaria Wäls,423
203,Jaks Brewing Co.,777
204,Barrel + Beam,112
205,Heirloom Rustic Ales,716
206,The Lost Abbey,1330
207,Morada Cia Etílica,958
208,Cloudwater Brew Co.,440
209,Tired Hands Brewing Company,1370
210,Fossil Craft Beer Company,605
211,Ahnapee Brewery,31
212,Bruz Beers,363
213,SchwarzwaldGold Braumanufaktur,1199
214,Brewery Bhavana,291
215,Hardywood Park Craft Brewery,708
216,Birds Fly South Ale Project,156
217,Staggeringly Good,1255
218,Sixpoint Brewery,1222
219,Kona Brewing Co.,811
220,Alexander Keith's,40
221,Southern Star Brewing Company,1239
222,Flying Fish Brewing Company,592
223,Odd Side Ales,1016
224,Bissell Brothers Brewing Co.,167
225,Russian River Brewing Company,1170
226,Half Acre Beer Company,698
227,Deep Ellum Brewing Company,497
228,Pabst Brewing Company,1043
229,Molson Coors Canada,948
230,Fulton Beer,628
231,River Horse Brewing Co.,1150
232,Pike Brewing Company,1074
233,Lawson's Finest Liquids,841
234,Thomas Hooker Brewing Company,1355
235,New Orleans Lager & Ale Brewing Company (NOLA),991
236,Alamo Beer Co.,33
237,Rhinegeist Brewery,1141
238,Mayflower Brewing Company,915
239,Abbaye de Leffe S.A.,22
240,Brouwerij De Smedt / Brouwerij Affligem,318
241,Brouwerij Westvleteren (Sint-Sixtusabdij van Westvleteren),350
242,Brouwerij Alken-Maes,305
243,Brouwerij Duvel Moortgat NV,321
244,Brasserie Caracole,210
245,Bierbrouwerij De Koningshoeven B.V.,146
246,Brouwerij Van Steenberge N.V.,344
247,Difcom,510
248,The Musketeers Brouwerijcafé,1334
249,Brouwerij Van Honsebrouck N.V.,343
250,De Brabandere,492
251,Brasserie de l'Abbaye du Val-Dieu,244
252,Brasserie St. Feuillien,233
253,Wicked Weed Brewing,1463
254,Wild Wolf Brewing Company,1468
255,Brouwerij Kerkom,327
256,Brouwerij Hof Ten Dormaal,325
257,Leroy Breweries,851
258,Brouwerij Haacht NV,323
259,Two Roads Brewing Company,1396
260,BottleTree Beer Co.,194
261,Brasserie La Binchoise (Malterie des Remparts),225
262,Brasserie De Brunehaut,212
263,Brouwerij Palm NV,335
264,Brasserie Lefèbvre SA,227
265,Brasserie Belgh Brasse,206
266,Brasserie Du Bocq,216
267,Andean Brewing Company / Nap Time Liquid Creation,57
268,Brouwerij Contreras,310
269,Old Forge Brewing Company,1023
270,Brouwerij Smisje,338
271,Brouwerij De Koninck NV,314
272,Brasserie Meteor,230
273,Roman N.V.,1161
274,West Sixth Brewing Company,1452
275,Brouwerij Huyghe,326
276,Brasserie Val De Sambre,236
277,Brouwerij Van Viven,345
278,Choc Beer Co. / Pete's Place,429
279,Brouwerij Van den Bossche,346
280,Ayinger Privatbrauerei,88
281,Spaten-Franziskaner-Bräu,1241
282,Paulaner Brauerei,1054
283,Bayerische Staatsbrauerei Weihenstephan,119
284,Brauerei Schloss Eggenberg,275
285,Klosterbrauerei Andechs,806
286,Birra Moretti (Heineken),160
287,Dark Horse Brewing Company,486
288,Kulmbacher Brauerei AG,815
289,Augustiner-Bräu,84
290,Tommyknocker Brewery,1374
291,Capital Brewery,390
292,Klosterbrauerei Weltenburg,809
293,Utah Brewers Cooperative,1419
294,Atwater Brewery,82
295,Jack's Abby Brewing,773
296,Der HirschBrau/Privatbrauerei Höss,504
297,Klosterbrauerei Ettal / Ettaler Klosterbetriebe GmbH,807
298,Starr Hill Brewery,1256
299,Brauerei Tucher Brau,278
300,Gordon Biersch Brewery Restaurant,650
301,Thomas Creek Brewery,1354
302,Indian Wells Brewing Company,757
303,Wagner Valley Brewing Co.,1437
304,Pivovar Náchod a.s.,1081
305,Einstök Ölgerð (Einstök Beer Company),543
306,Sprecher Brewing Company,1246
307,Pennsylvania Brewing Company,1061
308,Epic Brewing Company,556
309,Christian Moerlein Brewing Company,430
310,Einbecker Brauhaus AG,542
311,Brauerei Hofstetten Krammer GmbH & Co. KG,268
312,Wolverine State Brewing Company,1471
313,"Fireman's Brew, Inc.",581
314,Weisses Bräuhaus G. Schneider & Sohn GmbH,1447
315,Vancouver Island Brewing,1426
316,High Point Brewing Company,723
317,Mammoth Brewing Company,898
318,Micro-Brasserie L'Alchimiste,924
319,Strangeways Brewing,1277
320,Schorschbräu,1198
321,"Le Bilboquet, Brasseur Artisan",843
322,Glacier Brewhouse,644
323,New Braunfels Brewing Company,986
324,Surly Brewing Company,1288
325,Brauhaus Faust-Miltenberger,282
326,Distillerie Fils du Roy,512
327,Störtebeker Braumanufaktur,1280
328,Lodi Beer Company,866
329,Franconia Brewing Company,614
330,"Bayern Brewing, Inc. / Edelweiss Bistro",120
331,Stichting Noordhollandse Alternatieve Bierbrouwers (SNAB),1265
332,Harpoon Brewery & Beer Hall,709
333,Brouwerij De Moersleutel,316
334,Revelry Brewing Co,1138
335,Carton Brewing Company,399
336,Jopen Bier BV Haarlem,784
337,Gananoque Brewing Company,635
338,Wayward Brewing,1444
339,Legend Brewing Co.,849
340,Lehe Pruulikoda,850
341,Aarhus Bryghus,19
342,Parched Eagle Brewpub,1051
343,Antlabräu,63
344,Kulmbacher Kommunbräu,816
345,Abita Brewing Co.,24
346,Hofbräuhaus München,733
347,New Glarus Brewing Company,988
348,Genesee Brewing Co. / Dundee Brewing Co.,640
349,Summit Brewing Company,1283
350,Boulevard Brewing Co.,196
351,Narragansett Brewing Co.,975
352,Hacker-Pschorr Bräu GmbH,696
353,Local Option,865
354,Holsten-Brauerei,737
355,Devils Backbone Brewing Company,509
356,Mahr's Bräu,894
357,Foothills Brewing Company - Downtown Brewpub,596
358,Spoetzl Brewery,1245
359,Anheuser-Busch,60
360,Saint Arnold Brewing Company,1175
361,Breckenridge Brewery,286
362,"Cervecería Cuauhtémoc Moctezuma, S.A. de C.V.",416
363,Millstream Brewing Company,934
364,Matt Brewing Company / Saranac Brewery,912
365,Granite City Food & Brewery,654
366,Revolver Brewing,1140
367,Minhas Craft Brewery,936
368,Pittsburgh Brewing Co.,1079
369,Browar Amber,353
370,Shmaltz Brewing Company,1210
371,Amarcord Birra Artigianale Italiana,50
372,Martin House Brewing Company,907
373,Lost Forty Brewery,876
374,Red Oak Brewery,1132
375,Brasserie d'Achouffe,237
376,Bierbrouwerij Sint Christoffel B.V,147
377,Karbach Brewing Co.,790
378,Aass Brewery,20
379,Rivertown Brewery & Barrel House,1151
380,Zywiec Breweries PLC (Heineken),1492
381,"Lion Brewery, Inc.",860
382,Dreher Brewery,524
383,Perrin Brewing Co.,1065
384,Brouwerij Martens NV,331
385,Erdinger Weissbräu,557
386,Live Oak Brewing Company,864
387,Brauerei Michael Plank,273
388,Le Trou Du Diable,844
389,Fat Head's Brewery & Saloon,565
390,Neshaminy Creek Brewing Company,980
391,Peak Organic Brewing Company,1056
392,Brauhaus Riegele,283
393,Weissbierbrauerei Hopf,1446
394,Appalachian Brewing Company,67
395,Scuttlebutt Brewing Company - Restaurant and Pub,1201
396,Maisel & Friends,896
397,Urban Chestnut Brewing Company - Midtown Brewery & Biergarten,1418
398,Denen Plaza Kawaba Brewery,502
399,The Livery,1327
400,Brauerei Ladenburger,270
401,Aktienbrauerei Kaufbeuren AG,32
402,Mill Street Brew Pub,932
403,Portsmouth Brewery,1093
404,Les Brasseurs Du Temps,852
405,Atlantic Brewing Company / Mainely Meat BBQ,80
406,OEC Brewing (Ordinem Ecentrici Coctores),1011
407,Bayou Teche Brewery,121
408,The People's Pint,1337
409,The Lone Pint Brewery,1328
410,Dansk Mjød A/S,485
411,Lakes & Legends Brewing Company,829
412,Twisted Pine Brewing Company,1393
413,Rabbit's Foot Meadery,1119
414,Allentown Brew Works,45
415,Valkyrie Brewing,1424
416,Scarlet Lane Brewing Company,1191
417,Strange Land Brewery,1275
418,Funky Buddha Brewery,631
419,All or Nothing Brewhouse,43
420,"White Winter Winery, Inc.",1461
421,Trinity Brewing Company,1385
422,Rapp Brewing Company,1127
423,Guadalupe Brewing Co.,684
424,Mountain Sun Pub & Brewery,966
425,Rooftop Brewing Company,1162
426,Crabtree Brewing Company,461
427,The New Old Lompoc,1335
428,Black Acre Brewing Co.,170
429,Viking Braggot Company,1429
430,Parallel 49 Brewing Company,1050
431,Outlaw Brewing,1039
432,Scantic River Brewery,1190
433,South Street Brewery,1236
434,Tributary Brewing Co.,1382
435,Saku Brewery LTD,1177
436,Bog Iron Brewing,184
437,Craftsman Brewing Co.,462
438,Crooked Stave Artisan Beer Project,471
439,Stone Brewing,1270
440,Brewery Vivant,294
441,Almanac Beer Co.,47
442,Kent Falls Brewing Company,796
443,Birrificio Del Ducato,162
444,Proclamation Ale Company,1103
445,Brasserie de la Senne,245
446,2nd Shift Brewing,6
447,Lake Effect Brewing Co.,825
448,Cambridge Brewing Company,385
449,Captain Lawrence Brewing Co.,391
450,Marble Brewery,899
451,Barrier Brewing Company,114
452,Crane Brewing Company,463
453,Other Half Brewing Company,1034
454,Brooklyn Brewery,300
455,Avery Brewing Company,86
456,Founders Brewing Company,608
457,New Holland Brewing Company,990
458,Tyranena Brewing Company,1397
459,Port Brewing,1090
460,Humboldt Brewing Co.,750
461,Prairie Artisan Ales,1095
462,Bear Republic Brewing Co.,126
463,Lonerider Brewing Company,869
464,Ale Asylum,37
465,Unibroue,1407
466,Ithaca Beer Company,768
467,Brouwerij St. Bernardus NV,339
468,Stillwater Artisanal Ales,1269
469,Brasserie Artisanale De Rulles SPRL,203
470,Rinkuškiai,1146
471,BOMBrewery,93
472,Brouwerij Corsendonk,311
473,Societe Brewing Co.,1234
474,Adelbert's Brewery,26
475,Karl Strauss Brewing Company,792
476,Brasserie Thiriez,234
477,Funkwerks,630
478,Cathedral Square Brewery,407
479,Gentse Gruut Brouwerij,641
480,Strange Roots Experimental Ales,1276
481,Brasserie Kazematten,224
482,Penrose Brewing,1063
483,The Brewer's Art,1315
484,North by Northwest Restaurant & Brewery,1003
485,Black Raven Brewing Co.,174
486,Fossil Cove Brewing Co.,604
487,Ladyface Ale Companie,822
488,Taxman Brewing Co.,1301
489,Lazy Magnolia Brewing Company,842
490,Lost Coast Brewery and Cafe,875
491,Black Toad Brewing Co.,176
492,Big Boss Brewing,148
493,Upslope Brewing Company - Lee Hill,1417
494,Nebraska Brewing Company Production Brewery & Tap Room,978
495,RJ Rockers Brewing Company,1118
496,Hi-Wire Brewing,722
497,Golden Road Brewing,647
498,Atlantic Brewing Company,79
499,Blackstone Brewing Company,178
500,Big Rock Brewery,150
501,Brau Brothers Brewing Co. LLC,254
502,Moat Mountain Smoke House & Brewing Co.,943
503,Empyrean Brewing Company,554
504,Toppling Goliath Brewing Company,1376
505,Furthermore Beer,632
506,Steamworks Brewing Co.,1259
507,Atlas Brew Works,81
508,Peekskill Brewery,1059
509,Port City Brewing,1091
510,St. Paul Brewing,1251
511,Cismontane Brewing Company,436
512,Gnarly Barley Brewing Company,645
513,Ölvisholt Brugghús,1496
514,Mountain Goat Beer Pty Ltd,965
515,Last Name Brewing,837
516,Sierra Blanca Brewing Company (Rio Grande),1216
517,Liberty Street Brewing Company,856
518,Three Heads Brewing,1357
519,Moab Brewery,942
520,Fat Point Brewing,566
521,Boston Beer Works - Canal Street,192
522,Lake Louie Brewery Company,826
523,Portsmouth Brewing Co. / Mault's Brewpub,1094
524,33 Acres Brewing Co.,11
525,Aviator Brewing Company,87
526,Sunken City Brewing Company,1286
527,St. Florian's Brewery,1249
528,Tin Whiskers Brewing Company,1368
529,Anaheim Brewery,54
530,Ardent Craft Ales,71
531,Linden Street Brewery,859
532,Kinslahger Brewing Company,801
533,Palmetto Brewing Company,1046
534,Cinder Block Brewery,434
535,Key Brewing Co.,800
536,Berryessa Brewing Co,143
537,Switchback Brewing Company,1294
538,Whistler Brewing Company,1457
539,Yoerg Brewing Company,1486
540,Radical Road Brewing Co.,1121
541,Iowa Brewing Company,760
542,Sun King Brewing Company,1285
543,Arrogant Consortia,73
544,5 Rabbit Cerveceria,15
545,Upright Brewing Company,1416
546,Bent River Brewing Company,139
547,No Label Brewing Company,998
548,Birdsong Brewing,157
549,Horseheads Brewing Inc.,746
550,Saugatuck Brewing Company,1188
551,Country Boy Brewing,460
552,Wynkoop Brewing Company,1477
553,Asheville Brewing Company,75
554,Twisted X Brewing Company,1394
555,Throwback Brewery,1362
556,Six Rivers Brewery,1221
557,Weston Brewing Company & O'Malley's Pub,1455
558,Right Brain Brewery,1144
559,Midtfyns Bryghus,929
560,Sawdust City Brewing Co.,1189
561,Banger Brewing,107
562,Grupo Modelo S.A. de C.V.,683
563,Cerveceria Azteca,413
564,Coopersmith's Pub & Brewing,454
565,Noble Ale Works,1000
566,Fitger's Brewhouse,585
567,Sante Adairius Rustic Ales,1185
568,Tioga-Sequoia Brewing Company,1369
569,Great Dane Pub & Brewing Company (Downtown),658
570,Microbrasserie du Lièvre,926
571,Dragonmead Microbrewery,521
572,Flat Branch Pub & Brewery,586
573,Finback Brewery,577
574,Calapooia Brewing Company,381
575,Ballast Point Brewing Company,104
576,Mother Earth Brew Co.,960
577,Terrapin Beer Company,1307
578,Hudepohl-Schoenling Brewing Co.,748
579,New Belgium Brewing Company,985
580,Due South Brewing Co.,530
581,Erie Brewing Co.,558
582,Muskoka Brewery,971
583,Alltech's Lexington Brewing and Distilling Co.,46
584,Forgotten Boardwalk Brewing,600
585,Sleeman Breweries Ltd.,1226
586,Grey Sail Brewing of Rhode Island,675
587,Bold City Brewery,186
588,Newburgh Brewing Company,993
589,Swamp Head Brewery,1290
590,Mike Hess Brewing - Miramar,930
591,Castle Danger Brewery,404
592,Blackrocks Brewery,177
593,Catawba Brewing Co.,406
594,Blitz-Weinhard Brewing Co.,180
595,8th Wonder Brewery,17
596,Warped Wing Brewing Company,1440
597,Milwaukee Brewing Company,935
598,Cameron's Brewing Co.,386
599,Crow Peak Brewing,473
600,Empire Brewing Company - Brewpub,553
601,Granville Island Brewery,655
602,Burlington Beer Co.,371
603,Bières de Chimay,169
604,Brewery Ommegang,293
605,Brouwerij Westmalle,349
606,Brasserie de Rochefort,240
607,Brouwerij der St. Benedictusabdij de Achelse,351
608,Stift Engelszell,1267
609,Uncommon Brewers,1405
610,Brouwerij Sterkens N.V.,340
611,Huisbrouwerij De Halve Maan,749
612,Crown Valley Brewing & Distilling Co.,474
613,Straight To Ale,1274
614,Microbrasserie Charlevoix,925
615,Petoskey Brewing Company,1067
616,Brouwerij 't IJ,302
617,Green's Gluten Free Beers,669
618,Jolly Pumpkin Artisan Ales,783
619,BFM (Brasserie des Franches-Montagnes),90
620,Brasserie 3 MONTS,201
621,Brasserie Duyck,220
622,Les Brasseurs de Gayant,853
623,Brasserie Castelain,211
624,Brasserie Au Baron,205
625,Brasserie La Choulette,226
626,Leelanau Brewing Company,846
627,Brasserie des Sources,247
628,"Lakefront Brewery, Inc.",828
629,Casey Brewing & Blending,403
630,The Ale Apothecary,1311
631,Malmgårdin Panimo,897
632,Lammin Sahti Oy,832
633,Vakka-Suomen Panimo,1423
634,Scratch Brewing Company,1200
635,Finlandia Sahti Ky,579
636,Fonta Flora Brewery,594
637,MobCraft Beer,944
638,Tempest Brewing Company,1304
639,Vintage Brewing Company,1431
640,Venn Brewing Co.,1427
641,HammerHeart Brewing Company,700
642,BS Brewing,95
643,Browar Pinta,357
644,Batch Brewing Company,116
645,Sahtipaja,1173
646,The Intrepid Sojourner Beer Project,1325
647,Dry River Brewing,527
648,El Rancho Brewing Company,544
649,Double Shift Brewing Company,519
650,Bar Hygge / Brewery Techne,109
651,COHO Brewing Co.,377
652,LaBEERint Brewery,820
653,Brasserie Fantôme,221
654,Liquid Riot Bottling Company,862
655,The Hidden Mother Brewery,1324
656,Refined Fool Brewing Co.,1134
657,Fetish Brewing Company,572
658,Browar Bazyliszek,354
659,Cloudcroft Brewing Company,439
660,Brasserie Dupont sprl,219
661,Bruery Terreux,362
662,Logsdon Farmhouse Ales,868
663,North Coast Brewing Co.,1001
664,Grassroots Brewing,657
665,Brasserie de Blaugies,239
666,Jacob Leinenkugel Brewing Company,775
667,"Pyramid Breweries, Inc.",1115
668,Miller Brewing Co.,933
669,Sea Dog Brewing Company,1202
670,Stieglbrauerei zu Salzburg GmbH,1266
671,Buffalo Bill's Brewery,366
672,The Traveler Beer Co.,1346
673,Williams Brothers Brewing Company,1469
674,Professor Fritz Briem,1104
675,D9 Brewing Company,479
676,Mountain Town Brewing Co.,967
677,Moonlight Brewing Company,955
678,Magnolia Pub & Brewery,892
679,4th Tap Brewing Co-op,14
680,The White Hag Irish Brewing Company,1348
681,Salt Spring Island Ales,1179
682,Earth Eagle Brewings,536
683,Picaroons Traditional Ales,1070
684,The Beer Diviner,1312
685,"Cairngorm Brewery Company, The",380
686,Eskilstuna Ölkultur,559
687,Fox Farm Brewery,612
688,Oliphant Brewing,1026
689,Propolis Brewing,1109
690,Triumph Brewing Company,1386
691,Zero Gravity Craft Brewery / American Flatbread,1490
692,Coedo Brewery (Kyodo Shoji Koedo Brewery),443
693,"Kirin Brewery Company, Limited",802
694,Suntory,1287
695,Asahi Breweries Ltd,74
696,"Orion Beer Co., Ltd.",1031
697,"Abashiri, K.K.",21
698,Sapporo Breweries Ltd.,1186
699,Land Beer,835
700,"Helios Distillery Co., Ltd.",717
701,"Kizakura Sake Brewing Co., Ltd.",805
702,Hite Brewery Company LTD,729
703,Hokkaido Brewing,736
704,Yeastie Boys,1482
705,Coors Brewing Company (Molson-Coors),456
706,Kiuchi Brewery,804
707,Coney Island Brewing Company,451
708,Birrificio Le Baladin,164
709,Bison Brewing,166
710,Copper Kettle Brewing Company,458
711,Brasserie Des Légendes,214
712,Indeed Brewing Company - Minneapolis,755
713,Elevation Beer Co.,548
714,Armadillo Ale Works,72
715,Jailbreak Brewing Company,776
716,Maine Beer Company,895
717,Oskar Blues Grill & Brew,1033
718,Odell Brewing Company,1017
719,Brouwerij Brasserie De Ranke,309
720,De Leyerth Brouwerijen (Urthel),494
721,Brouwerij Het Anker,324
722,Lakewood Brewing Company,830
723,Solemn Oath Brewery,1235
724,Coronado Brewing Company,459
725,Peace Tree Brewing Co.,1055
726,Picobrouwerij Alvinne,1071
727,White Birch Brewing,1459
728,Clown Shoes,441
729,Greenbush Brewing Company,670
730,The Brew Kettle Taproom & Smokehouse / Production Works,1314
731,BrewDog,290
732,Stevens Point Brewery,1264
733,Keweenaw Brewing Company,799
734,Knee Deep Brewing Company,810
735,Hoppin' Frog Brewery,743
736,Flying Monkeys Craft Brewery,593
737,Old Nation Brewing Co.,1024
738,Fair State Brewing Cooperative,562
739,Kane Brewing Company,789
740,Federal Jack's Restaurant & Brew Pub,568
741,Free Will Brewing Co.,617
742,4 Hands Brewing Co.,12
743,Westbrook Brewing Co.,1453
744,Matchless Brewing,910
745,Alvarado Street Brewery,49
746,Platform Beer Co.,1088
747,Big Storm Brewing Company - Odessa,152
748,Untitled Art,1414
749,Paradox Beer Company,1049
750,Great Heights Brewing Company,660
751,4204 Main Street Brewing Co.,13
752,Riverwalk Brewing,1153
753,Brouwerij West,348
754,Guinness Ltd.,688
755,Meantime Brewing Company Limited,919
756,The Shed Brewery,1341
757,Cerveceria Mexicana S.A. De C.V.,415
758,Innis & Gunn,758
759,O'Connor Brewing Co.,1008
760,Museum Brewing Company / White Shield Brewery,970
761,The Caledonian Brewing Company,1318
762,Temperance Beer Co.,1303
763,Carolina Brewery,397
764,Double Trouble Brewing Co.,520
765,McAuslan Brewing,916
766,St. Austell Brewery,1248
767,Railway City Brewing Company,1124
768,McNeill's Brewery,917
769,Trinity Brewhouse,1384
770,Marston's Plc.,906
771,The St. George Brewing Company,1344
772,New England Brewing Co.,987
773,The Alchemist,1310
774,Fiddlehead Brewing Company,573
775,Lord Hobo Brewing Company,873
776,Foundation Brewing Company,607
777,Parish Brewing Company,1052
778,SingleCut Beersmiths,1220
779,Ochakovo,1015
780,All Stars Bakery,42
781,Monastyrskiy Kvas,949
782,Beaver Brewing Company,129
783,Baltika Breweries,105
784,Deka Brewery,500
785,Slavutych Brewery,1225
786,American Solera,51
787,Moskovskaya Pivovarennaya Kompaniya,959
788,Gubernija Brewery,686
789,Tempo Beer Industries LTD,1305
790,Obolon Brewery,1014
791,Pivovarinniy Zavod Samko,1084
792,Long Beach Beer Lab,870
793,"Darl, Tov",488
794,Benchtop Brewing Company,136
795,Pig Pounder Brewery,1073
796,Lidskoye Pivo OAO,857
797,Israel Beer Breweries Ltd.,767
798,Volfas Engelman,1433
799,Borodino ZAO,190
800,Gutta,693
801,Wild Mind Artisan Ales,1466
802,Ilgezeem,753
803,Radomyshlskij Pivovarennyj Zavod,1122
804,SP Etrus,1172
805,Bouquet Of Chuvashia (Cheboksarskaya Pivovariya),197
806,Vilniaus Tauras,1430
807,Yarilo,1480
808,Brauerei Heinrich Reissdorf,265
809,Privatbrauerei Gaffel Becker & Co.,1100
810,Brauerei Früh am Dom,259
811,Gebr. Sünner GmbH & Co. KG,638
812,Mother Earth Brewing,961
813,Lancaster Brewing Company,834
814,MadTree Brewing,887
815,Saint Archer Brewing Co.,1174
816,Rock Bottom Restaurant & Brewery,1158
817,Four Peaks Brewing Company - 8th Street Brewery,611
818,Desnoes & Geddes Limited,506
819,Latrobe Brewing Co.,838
820,Labatt Brewing Company Ltd.,821
821,Margaritaville Brewing Co.,900
822,Hamm's Brewing Co.,699
823,Cervecería Nacional Dominicana,418
824,Cerveceria Costa Rica,414
825,JOS. Schlitz Brewing Co. (Pabst),772
826,United Breweries - UB Group,1413
827,Carib Brewery Limited,392
828,Birra Peroni Industriale S.p.A.,161
829,San Miguel Brewery Inc.,1181
830,Unicer União Cervejeira S.A.,1408
831,Dixie Beer,513
832,Yuengling Brewery,1488
833,Hop City Brewing Co.,742
834,AC Golden Brewing Company,18
835,Cape Ann Brewing Company,389
836,Lucky Bucket Brewing Co.,880
837,Straub Brewery,1279
838,Rochester Mills Beer Co.,1156
839,Saucony Creek Brewing Company + Gastropub,1187
840,The Defiant Brewing Company,1320
841,Moosehead Breweries Ltd.,957
842,Orange Blossom Pilsner LLC,1029
843,Philadelphia Brewing Company,1068
844,Dortmunder Actien Brauerei / DAB,516
845,VBL Tien Giang Limited (Fosters),1422
846,UAB Švyturys - Utenos alus,1400
847,Thirsty Dog Brewing Company,1350
848,Flensburger Brauerei,587
849,Browar Łomża Sp. z o.o.,360
850,Sudwerk Brewing Company,1282
851,Klosterbrauerei Reutberg,808
852,Nils Oscar,996
853,Adams Street Brewery,25
854,Bürgerbräu Bad Reichenhall,375
855,Spendrups Bryggeri AB,1243
856,Oettinger Brauerei GmbH,1018
857,Depot Street Brewing,503
858,Herzoglich Bayerisches Brauhaus Tegernsee,721
859,Idle Hands Craft Ales,752
860,Hansa Brauerei / Namibia Breweries,705
861,Howe Sound Inn & Brewing Company,747
862,Bridge Brew Works LLC,297
863,Lager Heads Smokehouse & Brewing Co.,823
864,Bayreuther Bierbrauerei,122
865,Hofbrauhaus Freising,731
866,St. Pauli Brauerei C.L. Wilh. Brandt Gmbh & Co.,1252
867,Brasserie Fischer / Fischer Biere d' Alsace,222
868,"Budějovický Budvar, n.p.",365
869,Waterloo Brewing,1443
870,Anadolu Efes Brewery,53
871,Lao Brewery Co.,836
872,Bernard Family Brewery,142
873,"Grupo Cervezas Alhambra, SL",681
874,Greenpoint Beerworks / Kelso of Brooklyn,673
875,První Budějovický Pivovar Samson,1111
876,Susquehanna Brewing Company,1289
877,Stella Artois,1263
878,Žatecký Pivovar,1497
879,Pivovary Staropramen,1086
880,Royal Unibrew A/S,1165
881,Notch Brewing,1006
882,Sociedade Central de Cervejas,1233
883,U Fleků Pivovar a Restaurace,1399
884,Měšťanský pivovar Havlíčkův Brod,974
885,Union De Cervecerias Peruanas Backus y Johnston,1410
886,Suarez Family Brewery,1281
887,Pecatonica Beer Company,1057
888,Grolsch Bierbrouwerij N.V.,680
889,Carlsberg Danmark A/S,394
890,Brasseries Kronenbourg,249
891,"Boon Rawd Brewery Co., Ltd",188
892,Asia Pacific Breweries Limited,76
893,Damm S. A.,483
894,East African Breweries Ltd (Kenya Breweries),537
895,Mythos Breweries S.A.,973
896,Tyskie Browary Książęce (SABMiller),1398
897,Cervecería y Maltería Quilmes / Grupo Bemberg,420
898,Swinkels Family Brewers,1293
899,New Zealand Breweries Limited,992
900,Browar Okocim S.A. (Carlsberg),356
901,Oranjeboom Bierbrouwerij B. V.,1030
902,Amstel Brouwerij B. V.,52
903,Tennent Caledonian Breweries,1306
904,Brasserie Piedboeuf,231
905,J. Boag & Son Brewing,769
906,Tuborgs Bryggerier A/S,1390
907,Brauerei Göss (Brau Union),264
908,Beijing Yanjing Beer Group Corporation,132
909,Lech Browary Wielkopolski (SABMiller),845
910,Union Export Brewery,1411
911,Brasseries Du Maroc,248
912,Mahou S.A.,893
913,Brasserie de Tahiti S.A.,242
914,Brouwerij Nacional Balashi,333
915,Browary Warka Sp. z o.o.,361
916,Ceylon / Lion Brewery Limited,425
917,Elbrewery Co. Ltd. Sp. z o.o.,545
918,Ceres Brewery (Royal Unibrew),412
919,Alaus Darykla Kalnapilis,35
920,BOSS Browar Witnica S.A.,94
921,Crest Brewing Company,469
922,"Hijos De Rivera, S.A.",726
923,John Martin's (John Martin SA),781
924,Grupo Cruzcampo SA,682
925,San Miguel Fabricas De Cervaza Y Maltas S.A.,1182
926,Minipivovar U Medvídků,937
927,Brasserie des Gabariers (L&L Cognac SA),246
928,"Cervezas Moritz, S.A.",424
929,Browar Van Pur S.A. (Brau Union Polska),358
930,Gulpener Bierbrouwerij B.V.,691
931,Löwenbräu AG,881
932,Brauerei Heller-Trum / Schlenkerla,266
933,Maui Brewing Co.,913
934,von Trapp Brewing,1495
935,Henninger Bräu AG,720
936,Okanagan Spring Brewery,1021
937,Church Street Brewing Company,432
938,Ottakringer Brauerei AG,1036
939,Bitburger Brauerei,168
940,Speakeasy Ales & Lagers,1242
941,Bunker Brewing Co.,368
942,Great Raft Brewing,664
943,Deep River Brewing Co.,498
944,Ironfire Brewing Company,764
945,Burial Beer Co.,369
946,Fieldwork Brewing Co.,574
947,Brickway Brewery & Distillery,296
948,Brasserie Artisanale Maltstrom,204
949,The Lucky Drink Company,1331
950,Uehara Shuzou Co. Ltd. / Echigo Beer Pub,1401
951,Bottle Logic Brewing,193
952,Modist Brewing Co.,946
953,Beachwood BBQ & Brewing,123
954,"Hangzhou Xihu Beer Asahi Co. , Ltd.",703
955,Yo-Ho Brewing Company,1485
956,MIA Beer Co.,883
957,pFriem Family Brewers,1494
958,Guangzhou Zhujiang Brewery Co. Ltd.,685
959,Elder Pine Brewing & Blending Co,546
960,Band of Bohemia,106
961,Sketchbook Brewing Company,1224
962,Threes Brewing,1361
963,Level Beer,855
964,Duggan's Brewery,531
965,The Dandy Brewing Company,1319
966,Taiwan Tobacco & Liquor Corporation,1296
967,Schilling Beer Co.,1193
968,Proper Saké Co.,1108
969,Three Taverns Craft Brewery,1360
970,Siamsato Brewery,1214
971,Voodoo Brewery,1434
972,Brauerei C. & A. Veltins GmbH & Co.,257
973,St. Georgenbräu,1250
974,Columbus Brewing Company,446
975,Private Landbrauerei Scheuerer,1102
976,Brauerei Max Leibinger GmbH,272
977,Brouwerij 3 Fonteinen,304
978,Arcobräu Gräfliches Brauhaus,70
979,Privatbrauerei H. Egerer,1101
980,Kaiser Bräu,786
981,Silver City Brewing Co. / Silver City Restaurant & Ale House,1218
982,Brauerei Leikeim,271
983,Fürst Wallerstein Brauhaus,633
984,Brauerei Zehendner GmbH,279
985,Night Shift Brewing,995
986,Ecliptic Brewing,539
987,"Tsingtao Brewery Co., Ltd.",1389
988,Cisco Brewers Inc.,435
989,Compañía Cervecera de Puerto Rico,449
990,Brauerei Beck & Co.,256
991,Kirkland Signature / Costco Wholesale Corporation,803
992,Steel Brewing Company,1261
993,Saint Ides Brewing Company,1176
994,Shaw Wallace & Company Ltd.,1206
995,Mohan Breweries & Distilleries Ltd,947
996,Camo Brewing Company,387
997,"City Brewing Company, LLC",437
998,Melanie Brewing Company,920
999,Rainier Brewing Co.,1125
1000,United Brands Company,1412
1001,Bahamian Brewery Beverage & Co. Ltd.,101
1002,Warsteiner Brauerei,1441
1003,Pivovar Velké Popovice a.s.,1082
1004,Church Brew Works,431
1005,Kaltenberg International / König Ludwig International GmbH & Co.KG,788
1006,Pedernales Brewing Company,1058
1007,Frankenmuth Brewery,615
1008,Neumarkter Lammsbräu,982
1009,Brauerei Hirt GmbH,267
1010,Backpocket Brewing,98
1011,Prost Brewing Co. - Denver,1110
1012,Yee-Haw Brewing Co.,1483
1013,KC Bier Co.,785
1014,Highland Brewing,725
1015,Brauerei Spezial,277
1016,Caldera Brewing Company,382
1017,Roy Pitz Brewing Company,1164
1018,Brauerei Göller Zur Alten Freyung,263
1019,Brauerei-Gasthof Zwönitz,280
1020,BraufactuM - Die Internationale Brau-Manufacturen GmbH,281
1021,New Albanian Brewing Company - Pizzeria and Public House,984
1022,Listermann Brewing Company,863
1023,Marshall Wharf Brewing Company / Three Tides Restaurant,905
1024,Fort Point Beer Company,603
1025,Right Proper Brewing Company - Shaw Brewpub,1145
1026,Great North Aleworks,662
1027,Black Husky Brewing,172
1028,Iron Hill Brewery & Restaurant,762
1029,Brauerei Gasthof Kundmüller,260
1030,Penobscot Bay Brewery,1062
1031,Gänstaller Braumanufaktur,694
1032,Brauerei Gasthof Rittmayer,261
1033,Micro Cervejaria Bamberg,923
1034,Fort Hill Brewery,602
1035,Köstritzer Schwarzbierbrauerei GmbH & Co.,818
1036,Cervejaria Kaiser,421
1037,Resignation Brewery,1136
1038,Královský Pivovar Krušovice a.s.,813
1039,Krombacher Brauerei,812
1040,10 Barrel Brewing Co.,1
1041,Austin Beerworks,85
1042,Weeping Radish Eco Farm & Brewery,1445
1043,Bauhaus Brew Labs,117
1044,Dinkelacker-Schwabenbraeu AG,511
1045,Monteith's Brewing Co.,953
1046,Pivovar Herold Březnice A.s.,1080
1047,Flying Bison Brewing Company,590
1048,B.W. Beer Works USA,89
1049,Snake River Brewing Company & Brewpub,1232
1050,Florida Beer Company,588
1051,Brasserie Pietra,232
1052,Green Valley Brewing Company (Crooked Creek),668
1053,Hinterland Brewery Restaurant,728
1054,Birra Menabrea SpA,159
1055,Figueroa Mountain Brewing Co.,576
1056,Left Coast Brewing Company,847
1057,Crescent City Brewhouse,468
1058,The Fat Cat Beer Company,1322
1059,Double Nickel Brewing Company,518
1060,Brouwerij Lindemans,330
1061,Brasserie Cantillon,209
1062,Brouwerij De Troch,319
1063,Brouwerij Girardin,322
1064,Brouwerij Boon,307
1065,Brouwerij Timmermans-John Martin N.V.,342
1066,Brouwerij Mort Subite,332
1067,Funk Factory Geuzeria,629
1068,Gueuzerie Tilquin,687
1069,De Cam Geuzestekerij,493
1070,Brouwerij Oud Beersel,334
1071,Van Dyck - Mad Jack Brewing,1425
1072,Ferme Brasserie Schoune,571
1073,Hanssens Artisanaal bvba,706
1074,Upland Brewing Company,1415
1075,Brasserie Belle-Vue,207
1076,Bullfrog Brewery,367
1077,Lambiek Fabriek,831
1078,Natty Greene's Pub & Brewing Co.,977
1079,Café-Brouwerij Loterbol,379
1080,The Referend Bier Blendery,1339
1081,Den Herberg,501
1082,Brouwerij Bockor N.V. / Brouwerij Omer Vander Ghinste,306
1083,Common Roots Brewing Company,447
1084,Bokke,185
1085,Binding-Brauerei AG,155
1086,Athletic Brewing Co.,78
1087,Privatbrauerei Eichbaum,1098
1088,WellBeing Brewing,1448
1089,Cervecería Vegana S.A.,419
1090,Fentimans Ltd.,569
1091,Bravus Brewing Company,284
1092,Brauerei Gebrüder Maisel,262
1093,Moorhouse's Brewery (Burnley) Ltd,956
1094,Motor City Brewing Works,963
1095,Hockley Valley Brewing Co.,730
1096,Coopers Brewery Limited,453
1097,Neustadt Springs Brewery,983
1098,Eagle Rock Brewery,535
1099,Tooheys Brewing,1375
1100,Northwoods Brewpub and Grill,1005
1101,Smithwick's Brewery / Irish Ale Breweries Ltd,1228
1102,Fort Garry Brewing Company Ltd.,601
1103,Lion Bridge Brewing Company,861
1104,Wandering Star Brewing Company,1439
1105,Dragoon Brewing Co.,522
1106,Brains,200
1107,First Magnitude Brewing Company,583
1108,Machine House Brewery - Georgetown,885
1109,Logboat Brewing Co.,867
1110,Edmund's Oast Brewing Company,540
1111,Calfkiller Brewing Company,383
1112,Nelson Brewing Company,979
1113,Beacon Hotel (Sarah Hughes Brewery),124
1114,Pratt Street Ale House,1096
1115,Karben4 Brewing,791
1116,Daniel Thwaites Brewery PLC,484
1117,Market Street Brewing Co. and Restaurant,903
1118,Rudgate Brewery Limited,1166
1119,Brasseur De Montréal,250
1120,Pikes Peak Brewing Company,1075
1121,Montana Brewing Company,952
1122,The Flagship Brewing Company,1323
1123,"Inveralmond Brewery Ltd., The",759
1124,Defiance Brewing Co.,499
1125,Cervecería Minerva,417
1126,Boxcar Brewing Company,199
1127,Hogshead Brewery,735
1128,Firefly Hollow Brewing Co.,580
1129,MacLeod Ale Brewing Company,884
1130,Copper Dragon Brewery,457
1131,Hanlons Brewery,704
1132,Mystery Brewing Company,972
1133,Simonds Farsons Cisk Plc.,1219
1134,Brew Gentlemen,288
1135,Fairhope Brewing Company,563
1136,Rohrbach Brewing Company (Brewpub),1160
1137,Comrade Brewing Company,450
1138,Purple Moose Brewery,1114
1139,Granite Brewery & Restaurant,653
1140,Tangled Roots Brewing Company / The Lone Buffalo,1299
1141,BearWaters Brewing Co.,127
1142,Palos De Moguer - 82,1047
1143,Isle of Arran Brewery Company Ltd.,766
1144,Maumee Bay Brewing Company,914
1145,"Badger Brewery, Hall and Woodhouse",99
1146,Paddock Wood Brewing Co.,1044
1147,Pizza Port Solana Beach,1087
1148,Water Street Brewing Co.,1442
1149,Ballad Brewing,103
1150,The Ship Inn,1342
1151,Hoots Roller Bar & Beer Co.,740
1152,Dostal Alley Brewpub,517
1153,Westerham Brewery Company Ltd,1454
1154,T & R Theakston Ltd.,1295
1155,Harviestoun Brewery Ltd.,712
1156,Eel River Brewing Co.,541
1157,Block 15 Brewery & Restaurant,181
1158,Modern Times Beer,945
1159,Guinness Open Gate Brewery & Barrel House,690
1160,Fish Brewing Company / Fishbowl Brewpub,584
1161,Box Steam Brewery,198
1162,The Wild Beer Co.,1349
1163,Tallgrass Brewing Co. Tap House,1298
1164,Brasserie d'Orval S.A.,238
1165,The Spencer Brewery,1343
1166,DC Brau Brewing Co.,480
1167,Brasserie Dubuisson Frères sprl,217
1168,Brouwerij Slaghmuylder,337
1169,Antwerpse Brouw Compagnie N.V.,64
1170,Omnipollo,1027
1171,Abbey Brewing Co. (Monastery Of Christ In The Desert),23
1172,Bass Brewers Limited,115
1173,Ipswich Ale Brewery,761
1174,Whitbread PLC,1458
1175,John Smith's Brewery (Heineken UK),782
1176,Wachusett Brewing Company,1436
1177,Cucapá Brewing Company,477
1178,Plzeňský Prazdroj,1089
1179,Pivovar Zlaty Bazant a.s.,1083
1180,Steam Whistle Brewing,1258
1181,Karlovačko Pivovara,793
1182,Wiseacre Brewing,1470
1183,Red Hare Brewing Company,1131
1184,Champion Brewing Company,426
1185,Hopworks Urban Brewery,745
1186,Heater Allen Brewing,713
1187,Radeberger Exportbierbrauerei,1120
1188,Friesisches Brauhaus zu Jever,622
1189,König-Brauerei GmbH,817
1190,Trumer Brauerei Berkeley,1387
1191,Badische Staatsbrauerei Rothaus AG,100
1192,Wernesgrüner Brauerei AG,1450
1193,Brasserie Almaza S.A.L.,202
1194,Hofbrauhaus Wolters GmbH,732
1195,Birra Del Borgo,158
1196,Element Brewing Company,547
1197,De Struise Brouwers,496
1198,DESTIHL Brewery,481
1199,Brasseurs R.J.,253
1200,Propeller,1106
1201,The Tap Brewing Company,1345
1202,Renegade Brewing Company,1135
1203,MAD Beer,882
1204,Birrificio Ticinese,165
1205,Brewfist,295
1206,Mississippi Brewing Co.,941
1207,(512) Brewing Company,0
1208,NoDa Brewing Company,999
1209,Oy Sinebrychoff Ab,1041
1210,Carlsberg Sverige AB,395
1211,Moody Tongue Brewing Company,954
1212,Utenos Alus,1420
1213,Aldaris,36
1214,Parkway Brewing Co.,1053
1215,Beer Here,131
1216,HaandBryggeriet,695
1217,Baird Brewing Company / Fishmarket Taproom,102
1218,Thisted Bryghus,1351
1219,Collective Arts Brewing,445
1220,Darwin Brewery Ltd.,489
1221,Greenport Harbor Brewing Company,674
1222,Salopian Brewing Company Ltd,1178
1223,Cooperstown Brewing Company,455
1224,Nethergate Brewery Co. Ltd.,981
1225,Phillips Brewing Company,1069
1226,Big Woods Brewing Co. / Quaff On! Brewing Company,154
1227,Harvest Moon Brewery,710
1228,Alewerks Brewing Company,39
1229,Laughing Dog Brewing,839
1230,O'so Brewing Company & Tap House,1010
1231,To Øl,1373
1232,Foolproof Brewing Company,595
1233,Drake's Brewing Co.,523
1234,Spiteful Brewing,1244
1235,Stoneface Brewing Co.,1271
1236,COOP Ale Works,378
1237,Angry Chair Brewing,59
1238,Reuben's Brews,1137
1239,Kelsen Brewing Company,795
1240,Four Corners Brewing Company,610
1241,18th Street Brewery - Gary Taproom,3
1242,Shared Brewing,1204
1243,The Mitten Brewing Co.,1333
1244,Busted Sandal Brewing Company,372
1245,Brasserie Dunham,218
1246,New Glory Craft Brewery,989
1247,Pulpit Rock Brewing Company,1113
1248,Narrow Gauge Brewing Company,976
1249,Bridge Road Brewers,298
1250,Frost Beer Works,623
1251,Barreled Souls Brewing Company,113
1252,Smog City Brewing,1229
1253,Rare Form Brewing Company,1129
1254,Marz Community Brewing,908
1255,Emmett's Brewing Company,552
1256,Blindman Brewing,179
1257,Cellarmaker Brewing Co.,409
1258,Ranger Creek Brewing & Distilling,1126
1259,8 Wired Brewing Co.,16
1260,Beavertown Brewery,130
1261,Quest Brewing Co.,1116
1262,Bristol Brewing Company,299
1263,Northbound Brewpub,1004
1264,The Vermont Pub & Brewery,1347
1265,Spring House Brewing Company,1247
1266,Feral Brewing Co.,570
1267,Yellow Dog Brewing,1484
1268,Bevog Brewery,144
1269,Stagecoach Brewing Company,1254
1270,Uncle Leo's Brewery,1404
1271,Davidson Brothers Restaurant & Brewery,490
1272,Three Magnets Brewing,1358
1273,Whole Hog Beer,1462
1274,Charleville Vineyard Microbrewery,427
1275,Vliegende Paard Brouwers,1432
1276,Arcense Stoombierbouwerij (Hertog Jan Brouwerij),69
1277,Wild Heaven Beer,1465
1278,Mendocino Brewing Company,921
1279,Finch Beer Co.,578
1280,Kern River Brewing Company,797
1281,Apocalypse Ale Works,65
1282,Mispillion River Brewing,939
1283,Iron Horse Brewery,763
1284,Rushing Duck Brewing Company,1168
1285,Lavery Brewing Company,840
1286,Murphy Brewery Ireland Limited,969
1287,Carlow Brewing Company,393
1288,Casco Bay Brewing Co.,402
1289,BJ's Chicago Pizza & Brewery Inc.,91
1290,The Porterhouse Brewing Company,1338
1291,North Country Brewing,1002
1292,Thomas Caffrey Brewing Co.,1353
1293,Tighthead Brewing Company,1365
1294,Smoky Mountain Brewery & Restaurant,1230
1295,BJ's Restaurant & Brewhouse,92
1296,Long Ireland Beer Company,871
1297,Newport Craft Brewing & Distilling Co.,994
1298,Brew Bus Brewing,287
1299,Dunedin Brewery,532
1300,Three Notch'd Brewing Company - Charlottesville Brewery & Restaurant,1359
1301,Franciscan Well Micro Brewery,613
1302,Tall Tales Brewing Company,1297
1303,Garrison Brewing Company,636
1304,Titletown Brewing Company,1372
1305,Apostelbräu,66
1306,Stiftsbrauerei Schlägl,1268
1307,Thurn Und Taxis Regensburg Gmbh Fürstliche Brauerei,1364
1308,Brauerei Schrems,276
1309,1940's Brewing Company,4
1310,Sweetwater Tavern & Brewery,1292
1311,The Bier Brewery,1313
1312,All Saints Brewing Company,41
1313,Back Pew Brewing Company,97
1314,Gneiss Brewing Company,646
1315,Yukon Brewing Company,1489
1316,Browar Kormoran,355
1317,Taps Fish House & Brewery,1300
1318,Steel & Oak Brewing Co.,1260
1319,Waldmann Brewery & Wurstery,1438
1320,Mason's Brewing Company,909
1321,Los Angeles Ale Works,874
1322,Greenpoint Beer & Ale Company,672
1323,Schoppe Bräu,1197
1324,Rip Current Brewing,1147
1325,Elm City Brewing Co.,550
1326,Roundabout Brewery,1163
1327,Short Fuse Brewing Company,1212
1328,Day Block Brewing Company,491
1329,Dock Street Brewery & Restaurant,514
1330,Madison River Brewing Company,888
1331,La Cumbre Brewing Co.,819
1332,Monocacy Brewing Co.,951
1333,Black Market Brewing Co.,173
1334,Grapevine Craft Brewery,656
1335,Sebago Brewing Company,1203
1336,The Bronx Brewery,1316
1337,Telluride Brewing Co.,1302
1338,Orkney Brewery,1032
1339,Traquair House Brewery,1379
1340,Brasserie de Silly S.A.,241
1341,Monday Night Brewing,950
1342,KettleHouse Brewing Co. (Southside Taproom),798
1343,Fargo Brewing Company,564
1344,Rivertowne Brewing,1152
1345,Broughton Ales Ltd,301
1346,Fearless Brewing Company,567
1347,Sheepscot Valley Brewing Company,1207
1348,White Street Brewing Co.,1460
1349,Shoreline Brewery And Restaurant,1211
1350,Isle Of Skye Brewery,765
1351,Brasseurs Illimités,252
1352,The Able Ebenezer Brewing Company,1309
1353,Fullsteam Brewery,627
1354,West O Beer,1451
1355,Thornbridge Brewery,1356
1356,Brouwerij De Dochter van de Korenaar,312
1357,Schlossbrauerei Au-Hallertau,1194
1358,Bootlegger's Brewery,189
1359,Adroit Theory Brewing Company,28
1360,Browar w Grodzisku Wielkopolskim,359
1361,Creature Comforts,466
1362,J. Wakefield Brewing,770
1363,Gasthaus & Gosebrauerei Bayerischer Bahnhof,637
1364,de Garde Brewing,1493
1365,Breakside Brewery,285
1366,Berliner Kindl Brauerei,141
1367,Great Notion Brewing,663
1368,Burley Oak Brewing Co.,370
1369,Bend Brewing Company,137
1370,Independence Brewing Co.,756
1371,Brouwerij Liefmans,329
1372,Brouwerij 't Verzet,303
1373,LoverBeer,879
1374,Brasserie Trois Dames,235
1375,Crux Fermentation Project,475
1376,Brewery Bourgogne Des Flandres,292
1377,Brouwerij Verhaeghe,347
1378,Brouwerij Rodenbach N.V.,336
1379,Cascade Brewing / Raccoon Lodge & Brewpub,401
1380,Brouwerij Strubbe,341
1381,De Proefbrouwerij (bvba Andelot),495
1382,Lost Nation Brewing,877
1383,Ritterguts Gose,1149
1384,Grimm Artisanal Ales,677
1385,FiftyFifty Brewing Co.,575
1386,High Water Brewing,724
1387,Rhinelander Brewing Company,1142
1388,14th Star Brewing Co.,2
1389,Pisgah Brewing Co.,1078
1390,Full Pint Brewing Company,624
1391,Wye Valley Brewery,1476
1392,Ilkley Brewery Co.,754
1393,Ozark Beer Co.,1042
1394,Cannery Brewing Company,388
1395,Brasseurs Du Nord Inc.,251
1396,Magic Rock Brewing,890
1397,Schmohz Brewing Company,1195
1398,Lost Rhino Brewing Company,878
1399,HenHouse Brewing,719
1400,Black Creek Historic Brewery,171
1401,Helltown Brewing,718
1402,Lancaster Brewery Company Ltd,833
1403,Tree Brewing,1380
1404,Titanic Brewery,1371
1405,Green Bench Brewing Co.,665
1406,Brouwerij De Dolle Brouwers,313
1407,Marin Brewing Company,901
1408,Gun Hill Brewing Company,692
1409,The Kernel Brewery,1326
1410,Brasserie De Cazeau,213
1411,Harar Beer Factory,707
1412,Scheldebrouwerij,1192
1413,Oggi's Pizza & Brewing Co.,1020
1414,Big City Brewing CO LTD,149
1415,Crossroads Brewing Company,472
1416,Guinness Nigeria PLC,689
1417,Cascade Brewery Company Ltd.,400
1418,Beamish & Crawford Plc.,125
1419,Public House Brewing Company,1112
1420,Fremont Brewing Company,620
1421,Good People Brewing Company,648
1422,Oakshire Brewing,1012
1423,Belching Beaver Brewery,133
1424,Butternuts Beer & Ale,373
1425,Keegan Ales,794
1426,Cold Spring Brewing Co.,444
1427,Peticolas Brewing Company,1066
1428,"Holy Mackerel Small Batch Beers ""the garage project""",738
1429,Brasserie de l'Abbaye des Rocs s.a.,243
1430,Brasserie Grain d' Orge (Brasserie Jeanne d'Arc SA),223
1431,Brouwerij van Hoegaarden,352
1432,Lake Placid Craft Brewing Company,827
1433,Maritime Pacific Brewing Company,902
1434,Daleside Brewery,482
1435,Otro Mundo Brewing Company,1035
1436,Tullibardine Distillery,1392
1437,Mount Saint Bernard Abbey,964
1438,Otter Brewery Ltd,1037
1439,The Lord Nelson Brewery Hotel,1329
1440,York Brewery Company Limited,1487
1441,3 Sheeps Brewing,10
1442,Thunderhead Brewing Company,1363
1443,Piney River Brewing Co.,1076
1444,Carson's Brewery,398
1445,Wild Rose Brewery & Taproom,1467
1446,Magnify Brewing Company,891
1447,Palisade Brewing Co.,1045
1448,Barley Brown's Brewpub,110
1449,Kalona Brewing Company,787
1450,Brasserie Britt de Bretagne,208
1451,Cranker's Brewery,464
1452,Only Child Brewing Company,1028
1453,Freetail Brewing Company,618
1454,Jamieson Brewery,778
1455,Matilda Bay Brewing Co.,911
1456,Crystal Ball Brewing Company,476
1457,Wooha Brewing Company,1473
1458,Generations Brewing,639
1459,Bonfire Brewing Co.,187
1460,Brew Rebellion,289
1461,Four City Brewing Company,609
1462,Schooner Exact Brewing Company,1196
1463,Steam Plant Brewing Company / Stacks Restaurant,1257
1464,Wren House Brewing Co,1474
1465,Summit City Brewerks,1284
1466,BiXi Beer,145
1467,Rare Bird Brewpub,1128
1468,The Merchant Ale House Restaurant & Brewpub,1332
1469,Thomas Albright,1352
1470,SanTan Brewing Co.,1183
1471,Würzburger Hofbräu AG,1478
1472,Piece Brewery & Pizzeria,1072
1473,Texelse Bierbrouwerij,1308
1474,Brau Union Österreich AG,255
1475,Unertl Weissbier GmbH,1406
1476,Fürstlich Fürstenbergische Brauerei KG,634
1477,Birrificio Italiano,163
1478,Graminger Weissbräu,651
1479,Tin Man Brewing Company,1367
1480,Privatbrauerei Bischoff,1097
1481,Portneuf Valley Brewing,1092
1482,Aeronaut Brewing Company,29
1483,Barnstable Brewing,111
1484,Prohibition Brewing Company,1105
1485,3 Cordilleras,7
1486,Ankerbräu Nördlingen,61
1487,Jaws Brewery,779
1488,Meadowlark Brewing,918
1489,Utepils Brewing Co,1421
1490,Dust Bowl Brewing Company - Downtown Taproom,533
1491,English Ales Brewery,555
1492,Griffin Claw Brewing Company,676
1493,Anthem Brewing Company,62
1494,Big Time Brewery & Alehouse,153
1495,Russell Brewing Company,1169
1496,Aslin Beer Company,77
1497,Stony Creek Brewery,1272
